{"cameraMode":{"drawMode":0,"name":"Shaded","section":"Shading Mode"},"sceneLighting":false,"audioPlay":false,"sceneViewState":{"showFog":true,"showMaterialUpdate":false,"showSkybox":false,"showFlares":true,"showImageEffects":true,"showParticleSystems":true},"in2DMode":false,"pivot":{"x":3.2749996185302736,"y":5.833000183105469,"z":-0.16499996185302735},"rotation":{"x":0.004736004397273064,"y":-0.9264314770698547,"z":0.3762833774089813,"w":0.011683324351906777},"size":11.018388748168946,"orthographic":false}